ID	Class
11AS	1
1A26	1
1A2J	1
1A2P	1
1A33	1
1A49	1
1A4M	1
1A4S	1
1A59	1
1A5V	1
1A5Z	1
1A69	1
1A77	1
1A7U	1
1A82	1
1A8D	1
1A8P	1
1A8R	1
1A95	1
1A9U	1
1A9X	1
1AA6	1
1AA8	1
1ABO	1
1AD4	1
1ADE	1
1ADO	1
1AE1	1
1AFW	1
1AGJ	1
1AI4	1
1AJ5	1
1AJA	1
1AK2	1
1AL8	1
1ALN	1
1AQ2	1
1AQY	1
1ARC	1
1AUR	1
1AUW	1
1AV4	1
1AW9	1
1AY5	1
1AYD	1
1AYX	1
1AZ3	1
1AZ9	1
1B06	1
1B0E	1
1B0Z	1
1B14	1
1B1E	1
1B1Y	1
1B25	1
1B31	1
1B38	1
1B49	1
1B4U	1
1B4V	1
1B55	1
1B57	1
1B66	1
1B6A	1
1B6B	1
1B6S	1
1B74	1
1B7Y	1
1B80	1
1B92	1
1B9I	1
1B9T	1
1BA3	1
1BAI	1
1BC5	1
1BD0	1
1BD3	1
1BDO	1
1BGL	1
1BH5	1
1BHJ	1
1BIX	1
1BK0	1
1BK4	1
1BLI	1
1BMQ	1
1BN6	1
1BOX	1
1BQ6	1
1BS4	1
1BT3	1
1BT4	1
1BU6	1
1BUC	1
1BVU	1
1BW0	1
1BWP	1
1BYS	1
1C02	1
1C1D	1
1C1H	1
1C2P	1
1C3F	1
1C3R	1
1C3U	1
1C4A	1
1C77	1
1C7I	1
1C7K	1
1C7N	1
1CCW	1
1CD5	1
1CEF	1
1CEN	1
1CF2	1
1CG6	1
1CIP	1
1CJC	1
1CKJ	1
1CKN	1
1CL0	1
1CL2	1
1CL6	1
1CMV	1
1CNS	1
1CNZ	1
1COM	1
1CP2	1
1CPM	1
1CR0	1
1CSK	1
1CSM	1
1CVL	1
1CWR	1
1CWU	1
1CY0	1
1CYX	1
1D0Q	1
1D3H	1
1D4D	1
1D6S	1
1D6W	1
1D7K	1
1D8I	1
1D8W	1
1DAW	1
1DCO	1
1DCU	1
1DD8	1
1DDE	1
1DEL	1
1DFA	1
1DHP	1
1DHY	1
1DIA	1
1DIH	1
1DIX	1
1DJ9	1
1DJN	1
1DJO	1
1DKM	1
1DKU	1
1DLG	1
1DLJ	1
1DLQ	1
1DO8	1
1DQA	1
1DQI	1
1DQP	1
1DQX	1
1DS0	1
1DT1	1
1DU4	1
1DUC	1
1DUG	1
1DUP	1
1DV1	1
1DV7	1
1DVG	1
1DWK	1
1DY3	1
1DZT	1
1E0T	1
1E1O	1
1E1R	1
1E3D	1
1E3P	1
1E3U	1
1E4L	1
1E5E	1
1E5L	1
1E5S	1
1E6B	1
1E6P	1
1E6U	1
1E6Y	1
1E7L	1
1E7Y	1
1E8Y	1
1E92	1
1EA1	1
1EAF	1
1ECJ	1
1EDQ	1
1EEX	1
1EG9	1
1EGH	1
1EGU	1
1EH7	1
1EJ0	1
1EJ2	1
1EJB	1
1EKK	1
1EKP	1
1EL5	1
1ELU	1
1EMV	1
1ENI	1
1EO2	1
1EOI	1
1EOM	1
1EOV	1
1EP2	1
1EP9	1
1EQC	1
1EQJ	1
1ES8	1
1ESD	1
1ESW	1
1EUA	1
1EUD	1
1EUS	1
1EUU	1
1EVL	1
1EVX	1
1EX7	1
1EYB	1
1EYQ	1
1EYY	1
1EZ1	1
1EZI	1
1F07	1
1F0R	1
1F14	1
1F1J	1
1F28	1
1F2V	1
1F3L	1
1F3P	1
1F4L	1
1F52	1
1F5A	1
1F5V	1
1F6W	1
1F75	1
1F7T	1
1F83	1
1F8A	1
1F8I	1
1F8Y	1
1F9O	1
1F9Z	1
1FBT	1
1FC7	1
1FCB	1
1FCQ	1
1FF3	1
1FFU	1
1FG7	1
1FH0	1
1FHV	1
1FK8	1
1FO2	1
1FO6	1
1FO9	1
1FPX	1
1FR8	1
1FS7	1
1FW8	1
1FWK	1
1FWN	1
1FWX	1
1FX4	1
1FXJ	1
1FYE	1
1G0C	1
1G0H	1
1G0R	1
1G0W	1
1G1A	1
1G2O	1
1G3K	1
1G4E	1
1G51	1
1G58	1
1G5T	1
1G6L	1
1G6T	1
1G72	1
1G93	1
1G95	1
1G98	1
1G9Q	1
1GA4	1
1GA8	1
1GEQ	1
1GG1	1
1GGV	1
1GHR	1
1GJW	1
1GKX	1
1GMS	1
1GOF	1
1GUP	1
1H4V	1
1H6J	1
1H7X	1
1HC7	1
1HD7	1
1HDR	1
1HE2	1
1HFC	1
1HHS	1
1HI3	1
1HMY	1
1HND	1
1HNU	1
1HO4	1
1HP5	1
1HPL	1
1HTP	1
1HUC	1
1HW6	1
1HX3	1
1HXD	1
1I0S	1
1I12	1
1I1Q	1
1I44	1
1I59	1
1I6P	1
1I72	1
1I8A	1
1I9T	1
1I9Z	1
1IA1	1
1IAH	1
1IG8	1
1IH7	1
1II0	1
1IIP	1
1ILZ	1
1IMA	1
1INC	1
1INJ	1
1INO	1
1IO2	1
1IO7	1
1IOF	1
1IOW	1
1IRB	1
1ISA	1
1ISO	1
1IUS	1
1IVP	1
1J71	1
1J7L	1
1J80	1
1J93	1
1J97	1
1J9M	1
1J9Q	1
1JA1	1
1JA9	1
1JAE	1
1JAN	1
1JB9	1
1JBB	1
1JBP	1
1JBV	1
1JC4	1
1JD0	1
1JD3	1
1JDA	1
1JDF	1
1JDR	1
1JDX	1
1JEH	1
1JEJ	1
1JF9	1
1JFV	1
1JGM	1
1JH8	1
1JHE	1
1JIN	1
1JK7	1
1JKH	1
1JLN	1
1JMF	1
1JN3	1
1JNW	1
1JOL	1
1JPR	1
1JQ5	1
1JSV	1
1JUK	1
1JWO	1
1JXZ	1
1K06	1
1K2O	1
1K89	1
1KAA	1
1KAP	1
1KAX	1
1KDN	1
1KEV	1
1KI2	1
1KLT	1
1KOQ	1
1KVA	1
1KVW	1
1L97	1
1LAM	1
1LCJ	1
1LDG	1
1LLO	1
1LOP	1
1LSG	1
1LSP	1
1MAC	1
1MAR	1
1MDL	1
1MHY	1
1MKA	1
1MLD	1
1MOQ	1
1MPP	1
1MUY	1
1NAS	1
1NEC	1
1NGS	1
1NHP	1
1NHT	1
1NIR	1
1NMT	1
1NNA	1
1NOS	1
1NOZ	1
1NSA	1
1OAC	1
1OAT	1
1OHJ	1
1OIL	1
1ONR	1
1OPR	1
1ORB	1
1OTH	1
1OYB	1
1PBK	1
1PGN	1
1PGS	1
1PHK	1
1PHM	1
1PHP	1
1PHR	1
1PI2	1
1PJC	1
1PLU	1
1PMK	1
1PML	1
1PMT	1
1POO	1
1POX	1
1PTR	1
1PUD	1
1PVD	1
1QA7	1
1QAE	1
1QAM	1
1QAS	1
1QB8	1
1QBB	1
1QBG	1
1QBI	1
1QBQ	1
1QCF	1
1QCO	1
1QCX	1
1QCZ	1
1QDQ	1
1QDR	1
1QF7	1
1QFS	1
1QGQ	1
1QH5	1
1QH7	1
1QHA	1
1QHH	1
1QHX	1
1QID	1
1QJ5	1
1QJC	1
1QJI	1
1QK3	1
1QLB	1
1QLT	1
1QM6	1
1QMG	1
1QMH	1
1QMV	1
1QNF	1
1QPC	1
1QPO	1
1QRE	1
1QRF	1
1QRK	1
1QSA	1
1QTR	1
1QVB	1
1R2F	1
1RK2	1
1RLR	1
1RLW	1
1RXF	1
1SET	1
1SMR	1
1SVP	1
1TF4	1
1TKI	1
1TYB	1
1UBV	1
1VIF	1
1VNC	1
1VPE	1
1WWB	1
1XAA	1
1XAN	1
1XGS	1
1XIB	1
1XIK	1
1XJO	1
1XKJ	1
1XNC	1
1XO1	1
1XPB	1
1XPS	1
1XSO	1
1XYS	1
1XZA	1
1YAL	1
1YDV	1
1YFO	1
1YGE	1
1YGH	1
1YLV	1
1YME	1
1YPN	1
1YPP	1
1YTN	1
1ZIN	1
1ZRM	1
1ZYM	1
2A0B	1
2AHJ	1
2APS	1
2AXE	1
2BSP	1
2CI2	1
2CND	1
2DAP	1
2DHN	1
2DIK	1
2DOR	1
2DUB	1
2EQL	1
2ER6	1
2ERK	1
2EST	1
2EUG	1
2F3G	1
2FGI	1
2FHE	1
2FIV	1
2FKE	1
2FOK	1
2FUA	1
2FUS	1
2GAC	1
2GAR	1
2GD1	1
2GEP	1
2GLT	1
2GSQ	1
2HAD	1
2HPD	1
2HPR	1
2MAD	1
2MAN	1
2MAS	1
2MBR	1
2MIN	1
2MJP	1
2NAD	1
2NSY	1
2PF1	1
2PKA	1
2POL	1
2PVA	1
2QR2	1
2RSL	1
2RUS	1
2SQC	1
2SRC	1
2TDT	1
2THF	1
2TLI	1
2TMK	1
2TOH	1
2TPL	1
2TS1	1
2TSC	1
2UAG	1
2UBP	1
2UDP	1
2UKD	1
2USH	1
2VP3	1
3BC2	1
3BIF	1
3BIR	1
3BLM	1
3BLS	1
3BTO	1
3CBH	1
3CD2	1
3CEV	1
3CGT	1
3CLA	1
3CMS	1
3CSC	1
3CSU	1
3CYH	1
3DAA	1
3DHE	1
3DMR	1
3ECA	1
3ENG	1
3GCB	1
3HAD	1
3PBH	1
3PMG	1
3PNP	1
3PRK	1
3PTD	1
3RAN	1
3RUB	1
3SIL	1
3SLI	1
3STD	1
3TGL	1
3THI	1
3VGC	1
4AIG	1
4DCG	1
4FBP	1
4GSA	1
4LZM	1
4MAT	1
4MDH	1
4NOS	1
4OTB	1
4PAH	1
4PBG	1
4PFK	1
4PGM	1
4TMK	1
5EAU	1
5KTQ	1
5YAS	1
6ENL	1
6GSS	1
6TAA	1
7AAT	1
7ACN	1
7ATJ	1
7CAT	1
7REQ	1
8A3H	1
8CHO	1
8LPR	1
9GAC	1
1A04	2
1A0K	2
1A0S	2
1A1R	2
1A1X	2
1A21	2
1A2B	2
1A3Z	2
1A44	2
1A45	2
1A4X	2
1A62	2
1A64	2
1A7G	2
1A7W	2
1A8A	2
1A8O	2
1A92	2
1A99	2
1AAZ	2
1AB1	2
1AHQ	2
1AIE	2
1AIL	2
1AJJ	2
1ALU	2
1AOH	2
1AOX	2
1AQB	2
1AQD	2
1AQE	2
1AR0	2
1AS0	2
1AS4	2
1ATG	2
1AUE	2
1AUN	2
1AUV	2
1AVU	2
1AWP	2
1AXI	2
1AY1	2
1AYF	2
1AYI	2
1AYM	2
1B09	2
1B0L	2
1B0O	2
1B0Y	2
1B1U	2
1B3A	2
1B63	2
1B67	2
1B71	2
1B7D	2
1B7V	2
1B88	2
1B8Z	2
1B9N	2
1B9W	2
1BA2	2
1BAS	2
1BD8	2
1BFE	2
1BFT	2
1BGE	2
1BH2	2
1BHD	2
1BKB	2
1BM0	2
1BM3	2
1BMB	2
1BMG	2
1BOY	2
1BRX	2
1BTG	2
1BTN	2
1BV1	2
1BX8	2
1BXM	2
1BXT	2
1BY7	2
1BYF	2
1C1L	2
1C48	2
1C4P	2
1C5E	2
1C5K	2
1C6O	2
1C94	2
1CAG	2
1CAU	2
1CC7	2
1CDH	2
1CDM	2
1CDT	2
1CFM	2
1CFW	2
1CI4	2
1CNO	2
1COT	2
1CPC	2
1CQ4	2
1CS3	2
1CSP	2
1CT5	2
1CXA	2
1CYO	2
1CZD	2
1CZQ	2
1D00	2
1D06	2
1D2E	2
1D5T	2
1D5W	2
1D7P	2
1DDV	2
1DFN	2
1DJ8	2
1DK8	2
1DOK	2
1DOT	2
1DQO	2
1DQZ	2
1DTJ	2
1DUW	2
1DV8	2
1DVN	2
1DZI	2
1E00	2
1E0B	2
1E29	2
1E2U	2
1E4J	2
1E7C	2
1E7T	2
1E7Z	2
1E87	2
1E9L	2
1E9M	2
1EA3	2
1EAJ	2
1ED1	2
1EE4	2
1EFT	2
1EG4	2
1EGI	2
1EHH	2
1EI7	2
1EJ4	2
1EKG	2
1EKS	2
1EPB	2
1EPU	2
1ERN	2
1ET6	2
1ET9	2
1EWF	2
1EYH	2
1EZG	2
1F0M	2
1F2L	2
1F2X	2
1F47	2
1F56	2
1F5M	2
1F5N	2
1F7C	2
1FAO	2
1FBQ	2
1FCY	2
1FD3	2
1FH2	2
1FHG	2
1FHW	2
1FL1	2
1FLM	2
1FNA	2
1FR9	2
1FSO	2
1FT5	2
1FTJ	2
1FVU	2
1FW4	2
1FXD	2
1FYH	2
1G1C	2
1G33	2
1G3J	2
1G43	2
1G4R	2
1G5I	2
1G5Y	2
1G62	2
1G6H	2
1G6N	2
1G7C	2
1G7S	2
1G8I	2
1G9O	2
1GE8	2
1GPC	2
1GZI	2
1H4Y	2
1H75	2
1H8N	2
1H9G	2
1H9K	2
1HDF	2
1HFA	2
1HG4	2
1HH0	2
1HH5	2
1HH8	2
1HJP	2
1HOE	2
1HQ3	2
1HQN	2
1HQO	2
1HTJ	2
1HUS	2
1HXI	2
1HZ5	2
1HZG	2
1I07	2
1I31	2
1I4U	2
1I6A	2
1I7E	2
1I81	2
1I92	2
1IB3	2
1IC0	2
1IC2	2
1IE8	2
1IFG	2
1IIT	2
1IKE	2
1IKF	2
1IL1	2
1ILR	2
1ILS	2
1IN5	2
1IND	2
1INN	2
1INR	2
1IO3	2
1ION	2
1IOP	2
1IOZ	2
1IRD	2
1IRN	2
1IUZ	2
1IXG	2
1J6Z	2
1J73	2
1J7A	2
1J8Q	2
1J8S	2
1J8Y	2
1JAF	2
1JAH	2
1JB3	2
1JB6	2
1JBC	2
1JCF	2
1JD1	2
1JDO	2
1JET	2
1JF0	2
1JGJ	2
1JI6	2
1JJH	2
1JL5	2
1JLJ	2
1JLM	2
1JLY	2
1JMW	2
1JOB	2
1JOT	2
1JQF	2
1JRR	2
1JVX	2
1JW8	2
1JY3	2
1K0K	2
1K33	2
1KDJ	2
1KIV	2
1KLO	2
1KMB	2
1KOE	2
1KVE	2
1LAF	2
1LE4	2
1LEN	2
1LFO	2
1LGH	2
1LIN	2
1LIT	2
1LKF	2
1LLA	2
1LOU	2
1LT5	2
1LVE	2
1LVK	2
1MDT	2
1MFF	2
1MH1	2
1MHO	2
1MJK	2
1MOF	2
1MOL	2
1MPC	2
1MRG	2
1MRP	2
1MSA	2
1MSC	2
1MUP	2
1MYK	2
1MYT	2
1MZM	2
1NAT	2
1NCH	2
1NCO	2
1NCX	2
1NDD	2
1NFO	2
1NFP	2
1NFT	2
1NG1	2
1NK1	2
1NKD	2
1NPS	2
1NSF	2
1NT3	2
1NTN	2
1OPC	2
1OR3	2
1ORC	2
1OVB	2
1OXY	2
1PCZ	2
1PGB	2
1PHN	2
1PLF	2
1PSZ	2
1PTX	2
1QAD	2
1QAW	2
1QDE	2
1QDN	2
1QDV	2
1QE6	2
1QFG	2
1QFV	2
1QG7	2
1QGH	2
1QHV	2
1QJ9	2
1QJA	2
1QJP	2
1QK8	2
1QKM	2
1QKX	2
1QLP	2
1QM7	2
1QME	2
1QOK	2
1QOV	2
1QQ1	2
1QQF	2
1QSC	2
1QSU	2
1QTO	2
1QTP	2
1QVC	2
1R69	2
1RCB	2
1RH4	2
1RMI	2
1ROP	2
1RPJ	2
1RRG	2
1RUX	2
1SCE	2
1SFP	2
1SKZ	2
1SWG	2
1UP1	2
1VFY	2
1VIN	2
1VPN	2
1WHO	2
1XCA	2
1XXA	2
1YFP	2
1YHB	2
1YPA	2
1YTT	2
1ZEI	2
1ZFP	2
1ZOP	2
2A2U	2
2ARC	2
2BNH	2
2CAV	2
2CBL	2
2ERA	2
2ERL	2
2FAL	2
2FB4	2
2FCR	2
2FD2	2
2FDN	2
2FGF	2
2FHA	2
2FIB	2
2FIT	2
2GAL	2
2GDM	2
2GWX	2
2HEX	2
2HIP	2
2HMQ	2
2IGD	2
2IMM	2
2IMN	2
2INT	2
2IZA	2
2LIG	2
2LIS	2
2LIV	2
2OMF	2
2PLH	2
2PSP	2
2TCT	2
2TDX	2
2TEP	2
2TGI	2
2TIR	2
2TMY	2
2TN4	2
2TNF	2
2TRH	2
2TSS	2
2UGI	2
2UTG	2
2VPF	2
2WBC	2
2WRP	2
2YGS	2
3CAR	2
3CLN	2
3CYR	2
3EIP	2
3ERD	2
3FIS	2
3GBP	2
3KAR	2
3LBD	2
3OVO	2
3POR	2
3PRN	2
3PSR	2
3PYP	2
3RHN	2
3SEB	2
3SEM	2
3SSI	2
3VUB	2
451C	2
4BCL	2
4BJL	2
4ICB	2
4LVE	2
4MON	2
4OVO	2
4PAL	2
5PTI	2
7ABP	2
7AME	2
7PAZ	2
7PCY	2
7PTI	2
7RXN	2
9WGA	2
